old_path	new_path	byte_size	sha256	content_frozen	role	tracked
paper/ABSTRACT_CLAIM_AUDIT_V1.md	docs/paper/ABSTRACT_CLAIM_AUDIT_V1.md	5392	126a8e413ea1e26a3477d3955fe8a3a7907c8d1c4a930b6dffcc23d5ad10acc6	Y	FROZEN_OR_HISTORICAL_PAPER	Y
paper/CARDIOSENTIN_TACTICS_MANUSCRIPT_V1.md	docs/paper/CARDIOSENTIN_TACTICS_MANUSCRIPT_V1.md	95393	06d590b5f097bf85068b25daf94ebe971ffb8ddf0ed930f9f8efe698e3133441	Y	FROZEN_OR_HISTORICAL_PAPER	Y
paper/CARDIOSENTIN_TACTICS_MANUSCRIPT_V2_BODY_FROZEN.md	docs/paper/CARDIOSENTIN_TACTICS_MANUSCRIPT_V2_BODY_FROZEN.md	94003	646d133b78cae5a68bf1062f637d7478cbcc0a38bc7fc28d47dd2a3195422dbc	Y	FROZEN_OR_HISTORICAL_PAPER	Y
paper/CARDIOSENTIN_TACTICS_MANUSCRIPT_V3_FINAL_CANDIDATE.md	docs/paper/CARDIOSENTIN_TACTICS_MANUSCRIPT_V3_FINAL_CANDIDATE.md	96408	7b05f0f33efcf720ccb0e3459378144d1ebbb38a75af03d02b41442552f94ad1	Y	FROZEN_OR_HISTORICAL_PAPER	Y
paper/CARDIOSENTIN_TACTICS_SUBMISSION_CANDIDATE_V1_FORMAT_PENDING.md	docs/paper/CARDIOSENTIN_TACTICS_SUBMISSION_CANDIDATE_V1_FORMAT_PENDING.md	97906	78863bcc659f9ee54b1c6566c12fe815098f2d2852598a3bd0a708fe60029fe2	Y	FROZEN_OR_HISTORICAL_PAPER	Y
paper/LITERATURE_SEARCH_V1.md	docs/paper/LITERATURE_SEARCH_V1.md	18974	8111102835cee640cbaa5ac0d573839bde666278bcfe5f06b0c3fc8a7be34018	Y	FROZEN_OR_HISTORICAL_PAPER	Y
paper/MANUSCRIPT_V2_ASSEMBLY_PROVENANCE.md	docs/paper/MANUSCRIPT_V2_ASSEMBLY_PROVENANCE.md	1605	e88f1e010f22bf32cd7645c2433d9c0ad24f977f4d70c43246add2a7c70402dc	Y	FROZEN_OR_HISTORICAL_PAPER	Y
paper/PAPER_OUTLINE_V1.md	docs/paper/PAPER_OUTLINE_V1.md	16345	6af16994ba5c224025c1d21631ad96ef64aafcb830824b2e52664e2cca739261	N	LIVE_PAPER_SOURCE	Y
paper/PAPER_OUTLINE_V2.md	docs/paper/PAPER_OUTLINE_V2.md	37822	01a9ebbebb16c6397578338e8227fbc6b0ac1f0e2f1913f1aada4bd1b01780a5	N	LIVE_PAPER_SOURCE	Y
paper/PAPER_S2_RELATED_WORK_DRAFT.md	docs/paper/PAPER_S2_RELATED_WORK_DRAFT.md	22024	abefe846f83e43de8ed499d29c5a701a964185f556fa887994025cd9ae503938	N	LIVE_PAPER_SOURCE	Y
paper/PAPER_S4_EVIDENCE_FRAMEWORK_DRAFT.md	docs/paper/PAPER_S4_EVIDENCE_FRAMEWORK_DRAFT.md	13071	3429d82e30f2c181d331d6716f9e169a1e80260a52f9d10b3711b1e72ae7317d	N	LIVE_PAPER_SOURCE	Y
paper/PAPER_S5_6_CLAIM_BOUNDARY_DRAFT.md	docs/paper/PAPER_S5_6_CLAIM_BOUNDARY_DRAFT.md	12308	6ebf0a65bbd3856343030557bbbb084816b8e755de35c2eade2fe0e9cd8381c0	N	LIVE_PAPER_SOURCE	Y
paper/PAPER_S9_DISCUSSION_DRAFT.md	docs/paper/PAPER_S9_DISCUSSION_DRAFT.md	29298	5a779a9519835cd3bd2317ad24bb2fb3719b92e091b1766584c2b83503db4fba	N	LIVE_PAPER_SOURCE	Y
paper/PAPER_S9_DISCUSSION_SKELETON.md	docs/paper/PAPER_S9_DISCUSSION_SKELETON.md	14474	886cc0779c5486cb2e9f51967abdb6f0eb74fb9a5a086977f9f21b5110594b17	N	LIVE_PAPER_SOURCE	Y
paper/PAPER_TABLES_T1_T4_DRAFT.md	docs/paper/PAPER_TABLES_T1_T4_DRAFT.md	16836	80e89a4091295fa3e3ee33dd83c92d75972934959cc7e6ed1ef889c233de482e	N	LIVE_PAPER_SOURCE	Y
paper/TACTICS_OFFICIAL_INSTRUCTIONS_NEEDED.md	docs/paper/TACTICS_OFFICIAL_INSTRUCTIONS_NEEDED.md	3140	d9f2fe6957821a96cac5e1861d1fd906333a2ba1863f9ee21dd2512f4c140906	N	LIVE_PAPER_SOURCE	Y
paper/TACTICS_SUBMISSION_ASSET_INVENTORY.md	docs/paper/TACTICS_SUBMISSION_ASSET_INVENTORY.md	4815	b34a6596d216c8a697914ae5b3f00c80538094a142a6f9182ec76d15b6cceca2	N	LIVE_PAPER_SOURCE	Y
paper/TACTICS_SUBMISSION_METADATA_TO_COMPLETE.md	docs/paper/TACTICS_SUBMISSION_METADATA_TO_COMPLETE.md	3677	b18037a522e45fd643735de1fbca283ad6b63be5b29949438ec3668f0824e880	N	LIVE_PAPER_SOURCE	Y
paper/drafts/CardioSentinel_TACTiCS_2026_Draft_v0.2.docx	docs/paper/drafts/CardioSentinel_TACTiCS_2026_Draft_v0.2.docx	408194	c72dfc3577e81dbc0b9b6414f9b02dd6486592b1f183ffc9422ad53ba2c800af	N	IGNORED_OWNER_DRAFT	N
paper/drafts/CardioSentinel_TACTiCS_2026_Draft_v0.3_Final_Polish_Pending_Authors.docx	docs/paper/drafts/CardioSentinel_TACTiCS_2026_Draft_v0.3_Final_Polish_Pending_Authors.docx	316000	4f7d7bf2dcb7a06a856359df7aff71b6cd9d760fbf83edc3e3650a0783fb40ff	N	IGNORED_OWNER_DRAFT	N
paper/drafts/CardioSentinel_TACTiCS_2026_First_Draft_v0.1.docx	docs/paper/drafts/CardioSentinel_TACTiCS_2026_First_Draft_v0.1.docx	153262	69d0114e16a1bfdec438e6577eba07cf756823cc3df4207d23e9b0357ccb910c	N	IGNORED_OWNER_DRAFT	N
paper/drafts/CardioSentinel_TACTiCS_2026_Submission_Candidate_v0.4.docx	docs/paper/drafts/CardioSentinel_TACTiCS_2026_Submission_Candidate_v0.4.docx	316103	06e588e8a80909df4e0a43b8c0d9ce4a70ec0e45381bacf6bb7993a88cb30af6	N	IGNORED_OWNER_DRAFT	N
paper/figures/F1_ips_architecture.pdf	docs/paper/figures/F1_ips_architecture.pdf	36210	676bf598f6cfc25984c54b145c4bb162f92311d9accc6345aed76134d31aeff4	Y	FROZEN_PUBLICATION_ASSET	Y
paper/figures/F1_ips_architecture.png	docs/paper/figures/F1_ips_architecture.png	166497	a8da0ba2e2257778b195b0c55261537d0b5c44ca6e1b21a5b7816e80b3cfb5c2	Y	FROZEN_PUBLICATION_ASSET	Y
paper/figures/F2_partition_authority.pdf	docs/paper/figures/F2_partition_authority.pdf	33730	b5c2ac07d212f44314ccfc2cb05f42e903f62af5e32cdfc29290a8d9693ccc9d	Y	FROZEN_PUBLICATION_ASSET	Y
paper/figures/F2_partition_authority.png	docs/paper/figures/F2_partition_authority.png	166345	5ce9f349cf088288646482e583ab983b738054a70659455b9b8c67ed3ca57359	Y	FROZEN_PUBLICATION_ASSET	Y
paper/figures/F3_episode_reasoning.pdf	docs/paper/figures/F3_episode_reasoning.pdf	26888	7d1a18682f8bbd4ebaa9b722e61653e838d74c8c3fbbea38dda84f2115d53b95	Y	FROZEN_PUBLICATION_ASSET	Y
paper/figures/F3_episode_reasoning.png	docs/paper/figures/F3_episode_reasoning.png	130623	45ffe5da4fdf87981fcaaf7e0455c0a1a63d586e8d1cd81d4e1cab8f7f7fa01f	Y	FROZEN_PUBLICATION_ASSET	Y
paper/figures/F4_representation_geometry.pdf	docs/paper/figures/F4_representation_geometry.pdf	29648	cdb68f6e47138fe03e22756c63f1438bcbda6ad8a72b7adecf22f3af2cf03145	Y	FROZEN_PUBLICATION_ASSET	Y
paper/figures/F4_representation_geometry.png	docs/paper/figures/F4_representation_geometry.png	94651	59ac382335ab276634304e9dae5875b2dc603f10732e7a4529579c10f4e9ae76	Y	FROZEN_PUBLICATION_ASSET	Y
paper/figures/F5_guarded_generation.pdf	docs/paper/figures/F5_guarded_generation.pdf	34446	f48ec6e019759ef5813f1524f0090d30974de313098f0a06b04730808048fd01	Y	FROZEN_PUBLICATION_ASSET	Y
paper/figures/F5_guarded_generation.png	docs/paper/figures/F5_guarded_generation.png	167911	48a1bd4d5d4c0206061a5e1e8c0e2b4852074254f81de946934becf403c56365	Y	FROZEN_PUBLICATION_ASSET	Y
paper/figures/README.md	docs/paper/figures/README.md	6178	2557f18fcc54f7b446bce27355b4bad7db97627b3e4c74573aa964a1830813a7	N	LIVE_PAPER_SOURCE	Y
paper/figures/make_f1_f2_f5.py	docs/paper/figures/make_f1_f2_f5.py	9969	3eb5a2fcd40152ae190c21c26c85cb7380792b398a5d2044351573e4d53439a0	N	LIVE_PAPER_SOURCE	Y
paper/figures/make_f3_f4.py	docs/paper/figures/make_f3_f4.py	9159	b90c3ebb4a3f7fdff0165e704b4ecd79f435bb27816e7345046a11544dec1553	N	LIVE_PAPER_SOURCE	Y
handbook/CardioSentinel_Research_Execution_Handbook_v1.0.docx	docs/handbook/CardioSentinel_Research_Execution_Handbook_v1.0.docx	72977	669aecc2533e1604bdf0ed8809ec72c6e7129a93e2edb313292745d480674864	Y	FROZEN_HANDBOOK	Y
handbook/CardioSentinel_Research_Execution_Handbook_v1.1.docx	docs/handbook/CardioSentinel_Research_Execution_Handbook_v1.1.docx	79725	9a35813abc2a4e31266c5586bf65405a38681e68eb9bfa9722b39dbdee8b9c43	Y	FROZEN_HANDBOOK	Y
handbook/CardioSentinel_Research_Execution_Handbook_v1.2.docx	docs/handbook/CardioSentinel_Research_Execution_Handbook_v1.2.docx	61642	af08c216445995fc8cf1d299d0891b9e3b3df3cba4e198311656524a27b99ef9	Y	FROZEN_HANDBOOK	Y
handbook/CardioSentinel_Research_Execution_Handbook_v1.2.md	docs/handbook/CardioSentinel_Research_Execution_Handbook_v1.2.md	46051	7c7c42a3df43b688f6ab37e5447366374cb5508623b27e5440d87ef169273a32	Y	FROZEN_HANDBOOK	Y
handbook/CardioSentinel_Research_Execution_Handbook_v1.3.docx	docs/handbook/CardioSentinel_Research_Execution_Handbook_v1.3.docx	73731	cdc94ece27472ff625389d8b75546e3899a368f9cfcd83567bf6dae299325bf6	Y	FROZEN_HANDBOOK	Y
handbook/CardioSentinel_Research_Execution_Handbook_v1.3.md	docs/handbook/CardioSentinel_Research_Execution_Handbook_v1.3.md	72420	f06d4babed0a857db26ff629b4e7d4bfb5b171a56b651354f9e8a7f3fe2990ed	Y	FROZEN_HANDBOOK	Y
handbook/CardioSentinel_Research_Execution_Handbook_v1.4.docx	docs/handbook/CardioSentinel_Research_Execution_Handbook_v1.4.docx	84921	fe12485d84623560242c7ccd62e28030faccfee1b754b10509c4b2cdcd8759fa	Y	FROZEN_HANDBOOK	Y
handbook/CardioSentinel_Research_Execution_Handbook_v1.4.md	docs/handbook/CardioSentinel_Research_Execution_Handbook_v1.4.md	113711	f3ab449c5fb532da9b47141d7de9090bdfa32b0c2f16dcaed26f5184e96b594c	Y	FROZEN_HANDBOOK	Y
handbook/CardioSentinel_Research_Execution_Handbook_v1.5.docx	docs/handbook/CardioSentinel_Research_Execution_Handbook_v1.5.docx	52018	c78ff9f423470ee75ad0b9867d543c2e5d1317742624d815a4b30e9cb7d70132	Y	FROZEN_HANDBOOK	Y
handbook/CardioSentinel_Research_Execution_Handbook_v1.5.md	docs/handbook/CardioSentinel_Research_Execution_Handbook_v1.5.md	27550	78780c4033edfbc8260d6fa280723e0d074e5af841154e81832ebc8a06f9c5fc	Y	FROZEN_HANDBOOK	Y
handoffs/CARDIOSENTINEL_HANDOFF_ECG10.md	docs/handoffs/CARDIOSENTINEL_HANDOFF_ECG10.md	16221	59e832ffa382a2efb549dbede730b8a88462e324c3276a337f99cf4af970120d	Y	HISTORICAL_HANDOFF	Y
handoffs/CARDIOSENTINEL_HANDOFF_ECG11.md	docs/handoffs/CARDIOSENTINEL_HANDOFF_ECG11.md	20207	ff28c85a1aed43864b5962d7e365051a07c7dbca88a707a9aa5c96797615b688	Y	HISTORICAL_HANDOFF	Y
handoffs/CARDIOSENTINEL_HANDOFF_ECG12.md	docs/handoffs/CARDIOSENTINEL_HANDOFF_ECG12.md	20464	b202cd1ff4ff4a8bd4c3a10adde682bb657afc396ce479488df0a9c81fb19a26	Y	HISTORICAL_HANDOFF	Y
handoffs/CARDIOSENTINEL_HANDOFF_ECG13.md	docs/handoffs/CARDIOSENTINEL_HANDOFF_ECG13.md	16509	77d077b6499095cf00811b93eb6de3ff9b08945da274224741303b3f9d140fe8	Y	HISTORICAL_HANDOFF	Y
handoffs/CARDIOSENTINEL_HANDOFF_ECG14.md	docs/handoffs/CARDIOSENTINEL_HANDOFF_ECG14.md	19142	0f91e611c119513617e1f5cca7707b32eef27d39cf7883cd5b5d0d065dee7e36	Y	HISTORICAL_HANDOFF	Y
handoffs/CARDIOSENTINEL_HANDOFF_ECG15.md	docs/handoffs/CARDIOSENTINEL_HANDOFF_ECG15.md	20425	f8780960a02e99b83847d05d1a7d7e9dd9072ff15986b60288a5d61b0c90e5df	Y	HISTORICAL_HANDOFF	Y
handoffs/CARDIOSENTINEL_HANDOFF_ECG16.md	docs/handoffs/CARDIOSENTINEL_HANDOFF_ECG16.md	12375	6332ad1a144115654defa2ae048c625ea4e5f967b9ca453c9fc01904de0420fd	Y	HISTORICAL_HANDOFF	Y
handoffs/CARDIOSENTINEL_HANDOFF_ECG17.md	docs/handoffs/CARDIOSENTINEL_HANDOFF_ECG17.md	16167	c87c58ef0d1688c719944964990844eef64338eec739920ca7e7e855d77d465f	Y	HISTORICAL_HANDOFF	Y
handoffs/CARDIOSENTINEL_HANDOFF_ECG18.md	docs/handoffs/CARDIOSENTINEL_HANDOFF_ECG18.md	13938	30ac4eb6ef499854e6636bdbf7ac33ee778053c9cae294ffeba26d0993bda500	Y	HISTORICAL_HANDOFF	Y
handoffs/CARDIOSENTINEL_HANDOFF_ECG19.md	docs/handoffs/CARDIOSENTINEL_HANDOFF_ECG19.md	21744	ef4db79fe23b6b3431a79c1637a793b701ed84234e8fcbd092e60b46eddbc4c8	Y	HISTORICAL_HANDOFF	Y
handoffs/CARDIOSENTINEL_HANDOFF_ECG20.md	docs/handoffs/CARDIOSENTINEL_HANDOFF_ECG20.md	8792	62196571272fb4197d7f36a7b4a78adacc96d0d61a3f1d21c5edbee284a22a16	Y	HISTORICAL_HANDOFF	Y
handoffs/CARDIOSENTINEL_HANDOFF_ECG21.md	docs/handoffs/CARDIOSENTINEL_HANDOFF_ECG21.md	13322	874e36035aaf1e99d5c58f3dea5d18933f14efbeb5eba038d9173b9ddd48d6a9	Y	HISTORICAL_HANDOFF	Y
handoffs/CARDIOSENTINEL_HANDOFF_ECG22.md	docs/handoffs/CARDIOSENTINEL_HANDOFF_ECG22.md	13542	ea796297facfbc734a74ae9d063ee5ce1afbbee75c63cd39fe76d96279853adb	Y	HISTORICAL_HANDOFF	Y
handoffs/CARDIOSENTINEL_HANDOFF_ECG23.md	docs/handoffs/CARDIOSENTINEL_HANDOFF_ECG23.md	11977	5905f7d6af17a4f218fda40238fcfa0b03dc8c5f969badeeb9b2f75860f7fa3a	Y	HISTORICAL_HANDOFF	Y
handoffs/CARDIOSENTINEL_HANDOFF_ECG24.md	docs/handoffs/CARDIOSENTINEL_HANDOFF_ECG24.md	10500	a02b83a39fbfd369cb5ebc12f7c4ff6fed84a7756426b4edaf638b6e9d805ee3	Y	HISTORICAL_HANDOFF	Y
handoffs/CARDIOSENTINEL_HANDOFF_ECG3.md	docs/handoffs/CARDIOSENTINEL_HANDOFF_ECG3.md	9665	3eb96b57e0d564e4739744c41ddf3422f4d941af3bd281d434e81b387ce790e6	Y	HISTORICAL_HANDOFF	Y
handoffs/CARDIOSENTINEL_HANDOFF_ECG4.md	docs/handoffs/CARDIOSENTINEL_HANDOFF_ECG4.md	14079	e5d9733ee9b7e9089d26579072d363929d9518ca58ff2bbcc2423950a60f22c9	Y	HISTORICAL_HANDOFF	Y
handoffs/CARDIOSENTINEL_HANDOFF_ECG5.md	docs/handoffs/CARDIOSENTINEL_HANDOFF_ECG5.md	14688	a741614f6c9dcb4e297ca940614abebe6af90e58f844338c3ad9a93a18a54374	Y	HISTORICAL_HANDOFF	Y
handoffs/CARDIOSENTINEL_HANDOFF_ECG6.md	docs/handoffs/CARDIOSENTINEL_HANDOFF_ECG6.md	20216	1b9109436c1f8bf6fb9c5827340a527916f637ad888647499e01ca96a9d9c24c	Y	HISTORICAL_HANDOFF	Y
handoffs/CARDIOSENTINEL_HANDOFF_ECG7.md	docs/handoffs/CARDIOSENTINEL_HANDOFF_ECG7.md	16309	bb9253183a461b2d81088d768ce6e10faad697cccb0321f361398f73c8890675	Y	HISTORICAL_HANDOFF	Y
handoffs/CARDIOSENTINEL_HANDOFF_ECG8.md	docs/handoffs/CARDIOSENTINEL_HANDOFF_ECG8.md	19802	409d0477d7ee665345453a82288f02b93e3a5645a08bf99a66c96635a0a684a6	Y	HISTORICAL_HANDOFF	Y
handoffs/CARDIOSENTINEL_HANDOFF_ECG9.md	docs/handoffs/CARDIOSENTINEL_HANDOFF_ECG9.md	20945	91266b7e63af2d74410a908e301580d7e6af2ba2a76b3390ff6c1c2b7310b820	Y	HISTORICAL_HANDOFF	Y
handoffs/README.md	docs/handoffs/README.md	4553	489078116f7411eef4142cf7b6805417b0a7d511c8e0a254b387df3adae866d5	N	LIVE_HANDOFF_INDEX	Y
